{
  "AuthType": "google",
  "GoogleUsername": "siozukey18@gmail.com",
  "GooglePassword": "hourglass21",
  "PtcUsername": null,
  "PtcPassword": null,
  "UseProxy": false,
  "UseProxyHost": null,
  "UseProxyPort": null,
  "UseProxyAuthentication": false,
  "UseProxyUsername": null,
  "UseProxyPassword": null,
  "DevicePackageName": "galaxy-note-edge",
  "DeviceId": "20103cd504a7ccc2",
  "AndroidBoardName": "APQ8084",
  "AndroidBootloader": "N915W8VLU1CPE2",
  "DeviceBrand": "samsung",
  "DeviceModel": "SM-N915W8",
  "DeviceModelIdentifier": "tbltecan",
  "DeviceModelBoot": "qcom",
  "HardwareManufacturer": "samsung",
  "HardwareModel": "SM-N915W8",
  "FirmwareBrand": "tbltecan",
  "FirmwareTags": "release-keys",
  "FirmwareType": "user",
  "FirmwareFingerprint": "samsung/tbltecan/tbltecan:6.0.1/MMB29M/N915W8VLU1CPE2:user/release-keys"
}