{
  "AuthType": "google",
  "GoogleUsername": "christiangpokemon",
  "GooglePassword": "cgp123456",
  "PtcUsername": null,
  "PtcPassword": null,
  "UseProxy": false,
  "UseProxyHost": null,
  "UseProxyPort": null,
  "UseProxyAuthentication": false,
  "UseProxyUsername": null,
  "UseProxyPassword": null,
  "DevicePackageName": "lg-optimus-g",
  "DeviceId": "7e6252280aebbf8e",
  "AndroidBoardName": "geehrc",
  "AndroidBootloader": "MAKOZ10f",
  "DeviceBrand": "LGE",
  "DeviceModel": "LG-LS970",
  "DeviceModelIdentifier": "cm_ls970",
  "DeviceModelBoot": "qcom",
  "HardwareManufacturer": "LGE",
  "HardwareModel": "LG-LS970",
  "FirmwareBrand": "cm_ls970",
  "FirmwareTags": "test-keys",
  "FirmwareType": "userdebug",
  "FirmwareFingerprint": "google/occam/mako:4.2.2/JDQ39/573038:user/release-keys"
}